"Site Crawled","https://enorpa.com/"
"Start Date","2026-06-28"
"Start Time","20:08:45"
"Last Modified Date","2026-06-28"
"Last Modified Time","20:10:00"
"Elapsed","00:01:14"
"Report Date","2026-06-28"
"Report Time","20:10:15"
""
"Summary","URLs","% of Total","Total URLs","Total URLs Description"
"Total URLs Encountered","440","100,00%","440","URLs Encountered"
"Total URLs Crawled","440","100,00%","440","URLs Encountered"
"Total Internal blocked by robots.txt","0","0,00%","440","URLs Encountered"
"Total External blocked by robots.txt","0","0,00%","440","URLs Encountered"
""
"URLs Displayed","440","100,00%","440","URLs Displayed"
"Total Internal URLs","421","95,68%","440","URLs Displayed"
"Total External URLs","19","4,32%","440","URLs Displayed"
"Total Internal Indexable URLs","373","84,77%","440","URLs Displayed"
"Total Internal Non-Indexable URLs","48","10,91%","440","URLs Displayed"
""
"Internal"
"All","421","100,00%","421","Internal URLs"
"HTML","178","42,28%","421","Internal URLs"
"JavaScript","39","9,26%","421","Internal URLs"
"CSS","116","27,55%","421","Internal URLs"
"Images","80","19,00%","421","Internal URLs"
"Media","0","0,00%","421","Internal URLs"
"Fonts","0","0,00%","421","Internal URLs"
"XML","0","0,00%","421","Internal URLs"
"PDF","8","1,90%","421","Internal URLs"
"Plugins","0","0,00%","421","Internal URLs"
"Other","0","0,00%","421","Internal URLs"
"Unknown","0","0,00%","421","Internal URLs"
""
"External"
"All","19","100,00%","19","External URLs"
"HTML","6","31,58%","19","External URLs"
"JavaScript","5","26,32%","19","External URLs"
"CSS","4","21,05%","19","External URLs"
"Images","0","0,00%","19","External URLs"
"Media","0","0,00%","19","External URLs"
"Fonts","0","0,00%","19","External URLs"
"XML","0","0,00%","19","External URLs"
"PDF","0","0,00%","19","External URLs"
"Plugins","0","0,00%","19","External URLs"
"Other","4","21,05%","19","External URLs"
"Unknown","0","0,00%","19","External URLs"
""
"Security"
"All","421","100,00%","421","All internal and non-HTML external URLs"
"HTTP URLs","0","0,00%","421","All internal and non-HTML external URLs"
"HTTPS URLs","421","100,00%","421","All internal and non-HTML external URLs"
"Mixed Content","0","0,00%","421","All internal and non-HTML external URLs"
"Form URL Insecure","0","0,00%","421","All internal and non-HTML external URLs"
"Form on HTTP URL","0","0,00%","421","All internal and non-HTML external URLs"
"Unsafe Cross-Origin Links","0","0,00%","421","All internal and non-HTML external URLs"
"Protocol-Relative Resource Links","137","32,54%","421","All internal and non-HTML external URLs"
"Missing HSTS Header","380","90,26%","421","All internal and non-HTML external URLs"
"Missing Content-Security-Policy Header","380","90,26%","421","All internal and non-HTML external URLs"
"Missing X-Content-Type-Options Header","379","90,02%","421","All internal and non-HTML external URLs"
"Missing X-Frame-Options Header","379","90,02%","421","All internal and non-HTML external URLs"
"Missing Secure Referrer-Policy Header","380","90,26%","421","All internal and non-HTML external URLs"
"Bad Content Type","0","0,00%","421","All internal and non-HTML external URLs"
""
"Response Codes"
"All","440","100,00%","440","All Internal & External Crawled URLs"
"Blocked by Robots.txt","0","0,00%","440","All Internal & External Crawled URLs"
"Blocked Resource","0","0,00%","440","All Internal & External Crawled URLs"
"No Response","1","0,23%","440","All Internal & External Crawled URLs"
"Success (2xx)","393","89,32%","440","All Internal & External Crawled URLs"
"Redirection (3xx)","44","10,00%","440","All Internal & External Crawled URLs"
"Redirection (JavaScript)","0","0,00%","440","All Internal & External Crawled URLs"
"Redirection (Meta Refresh)","0","0,00%","440","All Internal & External Crawled URLs"
"Redirection (HTTP Refresh)","0","0,00%","440","All Internal & External Crawled URLs"
"Client Error (4xx)","2","0,45%","440","All Internal & External Crawled URLs"
"Server Error (5xx)","0","0,00%","440","All Internal & External Crawled URLs"
"Internal All","421","95,68%","440","All Internal Crawled URLs"
"Internal Blocked by Robots.txt","0","0,00%","440","All Internal Crawled URLs"
"Internal Blocked Resource","0","0,00%","440","All Internal Crawled URLs"
"Internal No Response","0","0,00%","440","All Internal Crawled URLs"
"Internal Success (2xx)","380","86,36%","440","All Internal Crawled URLs"
"Internal Redirection (3xx)","39","8,86%","440","All Internal Crawled URLs"
"Internal Redirection (JavaScript)","0","0,00%","440","All Internal Crawled URLs"
"Internal Redirection (Meta Refresh)","0","0,00%","440","All Internal Crawled URLs"
"Internal Redirection (HTTP Refresh)","0","0,00%","440","All Internal Crawled URLs"
"Internal Redirect Chain","0","0,00%","440","All Internal Crawled URLs"
"Internal Redirect Loop","0","0,00%","440","All Internal Crawled URLs"
"Internal Client Error (4xx)","2","0,45%","440","All Internal Crawled URLs"
"Internal Server Error (5xx)","0","0,00%","440","All Internal Crawled URLs"
"External All","19","4,32%","440","All External Crawled URLs"
"External Blocked by Robots.txt","0","0,00%","440","All External Crawled URLs"
"External Blocked Resource","0","0,00%","440","All External Crawled URLs"
"External No Response","1","0,23%","440","All External Crawled URLs"
"External Success (2xx)","13","2,95%","440","All External Crawled URLs"
"External Redirection (3xx)","5","1,14%","440","All External Crawled URLs"
"External Redirection (JavaScript)","0","0,00%","440","All External Crawled URLs"
"External Redirection (Meta Refresh)","0","0,00%","440","All External Crawled URLs"
"External Redirection (HTTP Refresh)","0","0,00%","440","All External Crawled URLs"
"External Client Error (4xx)","0","0,00%","440","All External Crawled URLs"
"External Server Error (5xx)","0","0,00%","440","All External Crawled URLs"
""
"URL"
"All","421","100,00%","421","Internal URLs"
"Non ASCII Characters","9","2,14%","421","Internal URLs"
"Underscores","1","0,24%","421","Internal URLs"
"Uppercase","0","0,00%","421","Internal URLs"
"Multiple Slashes","0","0,00%","421","Internal URLs"
"Repetitive Path","0","0,00%","421","Internal URLs"
"Contains Space","0","0,00%","421","Internal URLs"
"Internal Search","0","0,00%","421","Internal URLs"
"Parameters","0","0,00%","421","Internal URLs"
"Broken Bookmark","0","0,00%","421","Internal URLs"
"GA Tracking Parameters","0","0,00%","421","Internal URLs"
"Over 115 Characters","0","0,00%","421","Internal URLs"
""
"Page Titles"
"All","137","100,00%","137","Internal HTML pages with 2xx response"
"Missing","0","0,00%","137","Internal HTML pages with 2xx response"
"Duplicate","14","10,22%","137","Internal HTML pages with 2xx response"
"Over 60 Characters","60","43,80%","137","Internal HTML pages with 2xx response"
"Below 30 Characters","0","0,00%","137","Internal HTML pages with 2xx response"
"Over 561 Pixels","50","36,50%","137","Internal HTML pages with 2xx response"
"Below 200 Pixels","0","0,00%","137","Internal HTML pages with 2xx response"
"Same as H1","3","2,19%","137","Internal HTML pages with 2xx response"
"Multiple","0","0,00%","137","Internal HTML pages with 2xx response"
"Outside <head>","0","0,00%","137","Internal HTML pages with 2xx response"
""
"Meta Description"
"All","137","100,00%","137","Internal HTML pages with 2xx response"
"Missing","110","80,29%","137","Internal HTML pages with 2xx response"
"Duplicate","4","2,92%","137","Internal HTML pages with 2xx response"
"Over 155 Characters","13","9,49%","137","Internal HTML pages with 2xx response"
"Below 70 Characters","2","1,46%","137","Internal HTML pages with 2xx response"
"Over 985 Pixels","13","9,49%","137","Internal HTML pages with 2xx response"
"Below 400 Pixels","2","1,46%","137","Internal HTML pages with 2xx response"
"Multiple","0","0,00%","137","Internal HTML pages with 2xx response"
"Outside <head>","0","0,00%","137","Internal HTML pages with 2xx response"
""
"Meta Keywords"
"All","137","100,00%","137","Internal HTML pages with 2xx response"
"Missing","130","94,89%","137","Internal HTML pages with 2xx response"
"Duplicate","0","0,00%","137","Internal HTML pages with 2xx response"
"Multiple","0","0,00%","137","Internal HTML pages with 2xx response"
""
"H1"
"All","137","100,00%","137","Internal HTML pages with 2xx response"
"Missing","28","20,44%","137","Internal HTML pages with 2xx response"
"Duplicate","34","24,82%","137","Internal HTML pages with 2xx response"
"Over 70 Characters","6","4,38%","137","Internal HTML pages with 2xx response"
"Multiple","47","34,31%","137","Internal HTML pages with 2xx response"
"Alt Text in H1","0","0,00%","137","Internal HTML pages with 2xx response"
"Non-Sequential","44","32,12%","137","Internal HTML pages with 2xx response"
""
"H2"
"All","137","100,00%","137","Internal HTML pages with 2xx response"
"Missing","66","48,18%","137","Internal HTML pages with 2xx response"
"Duplicate","36","26,28%","137","Internal HTML pages with 2xx response"
"Over 70 Characters","0","0,00%","137","Internal HTML pages with 2xx response"
"Multiple","50","36,50%","137","Internal HTML pages with 2xx response"
"Non-Sequential","48","35,04%","137","Internal HTML pages with 2xx response"
""
"Content"
"All","145","100,00%","145","Internal HTML pages with 2xx response"
"Exact Duplicates","0","0,00%","145","Internal HTML pages with 2xx response"
"Near Duplicates","0","0,00%","145","Internal HTML pages with 2xx response"
"Semantically Similar","0","0,00%","145","Internal HTML pages with 2xx response"
"Low Relevance Content","0","0,00%","145","Internal HTML pages with 2xx response"
"Low Content Pages","16","11,03%","145","Internal HTML pages with 2xx response"
"Soft 404 Pages","0","0,00%","145","Internal HTML pages with 2xx response"
"Spelling Errors","0","0,00%","145","Internal HTML pages with 2xx response"
"Grammar Errors","0","0,00%","145","Internal HTML pages with 2xx response"
"Readability Difficult","15","10,34%","145","Internal HTML pages with 2xx response"
"Readability Very Difficult","2","1,38%","145","Internal HTML pages with 2xx response"
"Lorem Ipsum Placeholder","2","1,38%","145","Internal HTML pages with 2xx response"
""
"Images"
"All","80","100,00%","80","Images with 2xx response"
"Over 100 kB","54","67,50%","80","Images with 2xx response"
"Missing Alt Text","69","86,25%","80","Images with 2xx response"
"Missing Alt Attribute","0","0,00%","80","Images with 2xx response"
"Alt Text Over 100 Characters","0","0,00%","80","Images with 2xx response"
"Background Images","0","0,00%","80","Images with 2xx response"
"Incorrectly Sized Images","0","0,00%","80","Images with 2xx response"
"Missing Size Attributes","0","0,00%","80","Images with 2xx response"
""
"Canonicals"
"All","145","100,00%","145","Internal HTML or PDF pages with 2xx response"
"Contains Canonical","137","94,48%","145","Internal HTML or PDF pages with 2xx response"
"Self Referencing","134","92,41%","145","Internal HTML or PDF pages with 2xx response"
"Canonicalised","3","2,07%","145","Internal HTML or PDF pages with 2xx response"
"Missing","8","5,52%","145","Internal HTML or PDF pages with 2xx response"
"Multiple","0","0,00%","145","Internal HTML or PDF pages with 2xx response"
"Multiple Conflicting","0","0,00%","145","Internal HTML or PDF pages with 2xx response"
"Non-Indexable Canonical","1","0,69%","145","Internal HTML or PDF pages with 2xx response"
"Canonical Is Relative","0","0,00%","145","Internal HTML or PDF pages with 2xx response"
"Unlinked","0","0,00%","145","Internal HTML or PDF pages with 2xx response"
"Invalid Attribute In Annotation","0","0,00%","145","Internal HTML or PDF pages with 2xx response"
"Contains Fragment URL","0","0,00%","145","Internal HTML or PDF pages with 2xx response"
"Outside <head>","0","0,00%","145","Internal HTML or PDF pages with 2xx response"
""
"Pagination"
"All","137","100,00%","137","Internal HTML pages with 2xx response"
"Contains Pagination","0","0,00%","137","Internal HTML pages with 2xx response"
"First Page","0","0,00%","137","Internal HTML pages with 2xx response"
"Paginated 2+ Pages","0","0,00%","137","Internal HTML pages with 2xx response"
"Pagination URL Not in Anchor Tag","0","0,00%","137","Internal HTML pages with 2xx response"
"Non-200 Pagination URLs","0","0,00%","137","Internal HTML pages with 2xx response"
"Unlinked Pagination URLs","0","0,00%","137","Internal HTML pages with 2xx response"
"Non-Indexable","0","0,00%","137","Internal HTML pages with 2xx response"
"Multiple Pagination URLs","0","0,00%","137","Internal HTML pages with 2xx response"
"Pagination Loop","0","0,00%","137","Internal HTML pages with 2xx response"
"Sequence Error","0","0,00%","137","Internal HTML pages with 2xx response"
""
"Directives"
"All","380","100,00%","380","Internal URLs with 2xx response"
"Index","0","0,00%","380","Internal URLs with 2xx response"
"Noindex","6","1,58%","380","Internal URLs with 2xx response"
"Follow","0","0,00%","380","Internal URLs with 2xx response"
"Nofollow","2","0,53%","380","Internal URLs with 2xx response"
"None","0","0,00%","380","Internal URLs with 2xx response"
"NoArchive","0","0,00%","380","Internal URLs with 2xx response"
"NoSnippet","0","0,00%","380","Internal URLs with 2xx response"
"Max-Snippet","4","1,05%","380","Internal URLs with 2xx response"
"Max-Image-Preview","137","36,05%","380","Internal URLs with 2xx response"
"Max-Video-Preview","4","1,05%","380","Internal URLs with 2xx response"
"NoODP","0","0,00%","380","Internal URLs with 2xx response"
"NoYDIR","0","0,00%","380","Internal URLs with 2xx response"
"NoImageIndex","0","0,00%","380","Internal URLs with 2xx response"
"NoTranslate","0","0,00%","380","Internal URLs with 2xx response"
"Unavailable_After","0","0,00%","380","Internal URLs with 2xx response"
"Refresh","0","0,00%","178","Internal HTML pages with 2xx response"
"Outside <head>","0","0,00%","380","Internal URLs with 2xx response"
""
"Hreflang"
"All","137","100,00%","137","Internal pages with 2xx response"
"Contains hreflang","113","82,48%","137","Internal pages with 2xx response"
"Non-200 hreflang URLs","3","2,19%","137","Internal pages with 2xx response"
"Unlinked hreflang URLs","0","0,00%","137","Internal pages with 2xx response"
"Missing Return Links","0","0,00%","137","Internal pages with 2xx response"
"Inconsistent Language & Region Return Links","0","0,00%","137","Internal pages with 2xx response"
"Non-Canonical Return Links","0","0,00%","137","Internal pages with 2xx response"
"Noindex Return Links","3","2,19%","137","Internal pages with 2xx response"
"Incorrect Language & Region Codes","0","0,00%","137","Internal pages with 2xx response"
"Multiple Entries","0","0,00%","137","Internal pages with 2xx response"
"Missing Self Reference","0","0,00%","137","Internal pages with 2xx response"
"Not Using Canonical","0","0,00%","137","Internal pages with 2xx response"
"Missing X-Default","110","80,29%","137","Internal pages with 2xx response"
"Missing","0","0,00%","137","Internal pages with 2xx response"
"Outside <head>","0","0,00%","137","Internal pages with 2xx response"
""
"JavaScript"
"All","137","100,00%","137","Internal HTML pages with 2xx response"
"Pages with Blocked Resources","0","0,00%","137","Internal HTML pages with 2xx response"
"Contains JavaScript Links","0","0,00%","137","Internal HTML pages with 2xx response"
"Contains JavaScript Content","0","0,00%","137","Internal HTML pages with 2xx response"
"Noindex Only in Original HTML","0","0,00%","137","Internal HTML pages with 2xx response"
"Nofollow Only in Original HTML","0","0,00%","137","Internal HTML pages with 2xx response"
"Canonical Only in Rendered HTML","0","0,00%","137","Internal HTML pages with 2xx response"
"Canonical Mismatch","0","0,00%","137","Internal HTML pages with 2xx response"
"Page Title Only in Rendered HTML","0","0,00%","137","Internal HTML pages with 2xx response"
"Page Title Updated by JavaScript","0","0,00%","137","Internal HTML pages with 2xx response"
"Meta Description Only in Rendered HTML","0","0,00%","137","Internal HTML pages with 2xx response"
"Meta Description Updated by JavaScript","0","0,00%","137","Internal HTML pages with 2xx response"
"H1 Only in Rendered HTML","0","0,00%","137","Internal HTML pages with 2xx response"
"H1 Updated by JavaScript","0","0,00%","137","Internal HTML pages with 2xx response"
"Uses Old AJAX Crawling Scheme URLs","0","0,00%","137","Internal HTML pages with 2xx response"
"Uses Old AJAX Crawling Scheme Meta Fragment Tag","0","0,00%","137","Internal HTML pages with 2xx response"
"Pages with JavaScript Errors","0","0,00%","137","Internal HTML pages with 2xx response"
"Pages with JavaScript Warnings","0","0,00%","137","Internal HTML pages with 2xx response"
"Pages with Chrome Issues","0","0,00%","137","Internal HTML pages with 2xx response"
""
"Links"
"All","137","100,00%","137","Internal HTML pages with 2xx response"
"Pages With Uncrawlable Internal Outlinks","0","0,00%","137","Internal HTML pages with 2xx response"
"Pages With High Crawl Depth","0","0,00%","137","Internal HTML pages with 2xx response"
"Pages Without Internal Outlinks","0","0,00%","137","Internal HTML pages with 2xx response"
"Internal Nofollow Outlinks","9","6,57%","137","Internal HTML pages with 2xx response"
"Internal Outlinks With No Anchor Text","78","56,93%","137","Internal HTML pages with 2xx response"
"Non-Descriptive Anchor Text In Internal Outlinks","0","0,00%","137","Internal HTML pages with 2xx response"
"Pages With High External Outlinks","2","1,46%","137","Internal HTML pages with 2xx response"
"Pages With High Internal Outlinks","0","0,00%","137","Internal HTML pages with 2xx response"
"Follow & Nofollow Internal Inlinks To Page","0","0,00%","137","Internal HTML pages with 2xx response"
"Internal Nofollow Inlinks Only","0","0,00%","137","Internal HTML pages with 2xx response"
"Outlinks To Localhost","0","0,00%","137","Internal HTML pages with 2xx response"
"Non-Indexable Page Inlinks Only","0","0,00%","137","Internal HTML pages with 2xx response"
""
"AMP"
"All","0","0,00%","0","Internal AMP URLs"
"Non-200 Response","0","0,00%","178","Internal HTML URLs"
"Missing Non-AMP Return Link","0","0,00%","0","Internal AMP URLs"
"Missing Canonical to Non-AMP","0","0,00%","0","Internal AMP URLs"
"Non-Indexable Canonical","0","0,00%","0","Internal AMP URLs"
"Indexable","0","0,00%","0","Internal AMP URLs"
"Non-Indexable","0","0,00%","0","Internal AMP URLs"
"Missing <html amp> Tag","0","0,00%","178","Internal HTML URLs"
"Missing/Invalid <!doctype html> Tag","0","0,00%","0","Internal AMP URLs"
"Missing <head> Tag","0","0,00%","0","Internal AMP URLs"
"Missing <body> Tag","0","0,00%","0","Internal AMP URLs"
"Missing Canonical","0","0,00%","0","Internal AMP URLs"
"Missing/Invalid <meta charset> Tag","0","0,00%","0","Internal AMP URLs"
"Missing/Invalid <meta viewport> Tag","0","0,00%","0","Internal AMP URLs"
"Missing/Invalid AMP Script","0","0,00%","0","Internal AMP URLs"
"Missing/Invalid AMP Boilerplate","0","0,00%","0","Internal AMP URLs"
"Contains Disallowed HTML","0","0,00%","0","Internal AMP URLs"
"Other Validation Errors","0","0,00%","0","Internal AMP URLs"
""
"Structured Data"
"All","137","100,00%","137","Internal HTML pages with 2xx response"
"Contains Structured Data","0","0,00%","137","Internal HTML pages with 2xx response"
"Missing","0","0,00%","137","Internal HTML pages with 2xx response"
"Validation Errors","0","0,00%","137","Internal HTML pages with 2xx response"
"Validation Warnings","0","0,00%","137","Internal HTML pages with 2xx response"
"Rich Result Validation Errors","0","0,00%","137","Internal HTML pages with 2xx response"
"Rich Result Validation Warnings","0","0,00%","137","Internal HTML pages with 2xx response"
"Parse Errors","0","0,00%","137","Internal HTML pages with 2xx response"
"Microdata URLs","0","0,00%","137","Internal HTML pages with 2xx response"
"JSON-LD URLs","0","0,00%","137","Internal HTML pages with 2xx response"
"RDFa URLs","0","0,00%","137","Internal HTML pages with 2xx response"
"Rich Result Feature Detected","0","0,00%","137","Internal HTML pages with 2xx response"
""
"Sitemaps"
"All","186","100,00%","186","Internal HTML/XML pages"
"URLs in Sitemap","0","0,00%","186","Internal HTML/XML pages"
"URLs not in Sitemap","0","0,00%","186","Internal HTML/XML pages"
"Orphan URLs","0","0,00%","186","Internal HTML/XML pages"
"Non-Indexable URLs in Sitemap","0","0,00%","186","Internal HTML/XML pages"
"URLs in Multiple Sitemaps","0","0,00%","186","Internal HTML/XML pages"
"XML Sitemap with over 50k URLs","0","0,00%","186","Internal HTML/XML pages"
"XML Sitemap over 50MB","0","0,00%","186","Internal HTML/XML pages"
""
"PageSpeed"
"All","137","100,00%","137","Internal HTML URLs with 2xx response"
"Document Request Latency","0","0,00%","137","Internal HTML URLs with 2xx response"
"LCP Request Discovery","0","0,00%","137","Internal HTML URLs with 2xx response"
"Render Blocking Requests","0","0,00%","137","Internal HTML URLs with 2xx response"
"Network Dependency Tree","0","0,00%","137","Internal HTML URLs with 2xx response"
"Use Efficient Cache Lifetimes","0","0,00%","137","Internal HTML URLs with 2xx response"
"Layout Shift Culprits","0","0,00%","137","Internal HTML URLs with 2xx response"
"Optimize DOM Size","0","0,00%","137","Internal HTML URLs with 2xx response"
"Improve Image Delivery","0","0,00%","137","Internal HTML URLs with 2xx response"
"Forced Reflow","0","0,00%","137","Internal HTML URLs with 2xx response"
"Legacy JavaScript","0","0,00%","137","Internal HTML URLs with 2xx response"
"Duplicated JavaScript","0","0,00%","137","Internal HTML URLs with 2xx response"
"Font Display","0","0,00%","137","Internal HTML URLs with 2xx response"
"Avoid Enormous Network Payloads","0","0,00%","137","Internal HTML URLs with 2xx response"
"Minify CSS","0","0,00%","137","Internal HTML URLs with 2xx response"
"Minify JavaScript","0","0,00%","137","Internal HTML URLs with 2xx response"
"Reduce Unused CSS","0","0,00%","137","Internal HTML URLs with 2xx response"
"Reduce Unused JavaScript","0","0,00%","137","Internal HTML URLs with 2xx response"
"Reduce JavaScript Execution Time","0","0,00%","137","Internal HTML URLs with 2xx response"
"Minimize Main-Thread Work","0","0,00%","137","Internal HTML URLs with 2xx response"
"Request Errors","0","0,00%","137","Internal HTML URLs with 2xx response"
""
"Mobile"
"All","137","100,00%","137",""
"Viewport Not Set","0","0,00%","137",""
"Target Size","0","0,00%","137",""
"Content Not Sized Correctly","0","0,00%","137",""
"Illegible Font Size","0","0,00%","137",""
"Contains Unsupported Plugins","0","0,00%","137",""
"Mobile Alternate Link","0","0,00%","137",""
""
"Accessibility"
"All","137","100,00%","137",""
"Accessibility Score Poor","0","0,00%","137",""
"Accessibility Score Needs Improvement","0","0,00%","137",""
"Accessibility Score Good","0","0,00%","137",""
"WCAG 2.0 A Violation","0","0,00%","137",""
"WCAG 2.0 AA Violation","0","0,00%","137",""
"WCAG 2.0 AAA Violation","0","0,00%","137",""
"WCAG 2.1 AA Violation","0","0,00%","137",""
"WCAG 2.2 AA Violation","0","0,00%","137",""
"Best Practice Violation","0","0,00%","137",""
"Accesskey Attribute Value Must Be Unique","0","0,00%","137",""
"Ensure Elements Marked Presentational Are Ignored","0","0,00%","137",""
"Elements Must Not Have Tabindex Greater Than Zero","0","0,00%","137",""
"Scrollable Region Requires Keyboard Access","0","0,00%","137",""
"Skip-link Target Should Exist & Be Focusable","0","0,00%","137",""
"Required ARIA Attributes Must Be Provided","0","0,00%","137",""
"Role=text Should Have No Focusable Descendants","0","0,00%","137",""
"ARIA Attribute Must Be Used As Specified For Role","0","0,00%","137",""
"ARIA Attributes Require Valid Values","0","0,00%","137",""
"ARIA Attributes Require Valid Names","0","0,00%","137",""
"ARIA Commands Require Accessible Name","0","0,00%","137",""
"ARIA Dialog & Alertdialog Require Accessible Name","0","0,00%","137",""
"ARIA Input Fields Require Accessible Name","0","0,00%","137",""
"ARIA Meter Nodes Require Accessible Name","0","0,00%","137",""
"ARIA Progressbar Nodes Require Accessible Name","0","0,00%","137",""
"ARIA Role Should Be Appropriate For Element","0","0,00%","137",""
"ARIA Roles Must Be Contained By Required Parent","0","0,00%","137",""
"ARIA Roles Require Valid Values","0","0,00%","137",""
"ARIA Toggle Fields Require Accessible Name","0","0,00%","137",""
"ARIA Tooltip Nodes Require Accessible Name","0","0,00%","137",""
"ARIA Treeitem Nodes Require Accessible Name","0","0,00%","137",""
"Certain ARIA Roles Must Contain Specific Children","0","0,00%","137",""
"Deprecated ARIA Roles Must Not Be Used","0","0,00%","137",""
"Aria-braille Require Non-braille Equivalent","0","0,00%","137",""
"Aria-hidden Elements Contains Focusable Elements","0","0,00%","137",""
"Aria-hidden=true Must Not Be Used In <body>","0","0,00%","137",""
"Elements Must Only Use Permitted ARIA Attributes","0","0,00%","137",""
"Elements Must Use Allowed ARIA Attributes","0","0,00%","137",""
"IDs Used In ARIA & Labels Must Be Unique","0","0,00%","137",""
"Page Requires Means To Bypass Repeated Blocks","0","0,00%","137",""
"All Page Content Must Be Contained By Landmarks","0","0,00%","137",""
"Page Requires One Main Landmark","0","0,00%","137",""
"Page Must Not Have More Than One Banner Landmark","0","0,00%","137",""
"Banner Landmark Must Not Be In Another Landmark","0","0,00%","137",""
"Page Must Not Have Multiple Contentinfo Landmarks","0","0,00%","137",""
"Page Requires At Most One Main Landmark","0","0,00%","137",""
"Complementary Landmarks & Asides Must Be Top Level","0","0,00%","137",""
"Contentinfo Landmark Must Be Top Level Landmark","0","0,00%","137",""
"Main Landmark Must Not Be In Another Landmark","0","0,00%","137",""
"Landmarks Require Unique Role Or Accessible Name","0","0,00%","137",""
"Form Field Must Not Have Multiple Label Elements","0","0,00%","137",""
"Form <input> Elements Require Labels","0","0,00%","137",""
"Form Elements Should Have Visible Label","0","0,00%","137",""
"Autocomplete Attribute Must Be Used Correctly","0","0,00%","137",""
"Frames Require Title Attribute","0","0,00%","137",""
"Frames Require Unique Title Attribute","0","0,00%","137",""
"Frames Should Be Tested With axe-core","0","0,00%","137",""
"Frames With Focusable Content Must Not Use tabindex=-1","0","0,00%","137",""
"Page Must Contain <title>","0","0,00%","137",""
"Page Must Contain <h1>","0","0,00%","137",""
"Heading Levels Should Only Increase By One","0","0,00%","137",""
"Headings Should Not Be Empty","0","0,00%","137",""
"Meta Viewport Should Allow Zoom & Scale Up to 500%","0","0,00%","137",""
"Meta Viewport Zoom & Scaling Disabled","0","0,00%","137",""
"HTML Element Lang Attribute Value Must Be Valid","0","0,00%","137",""
"HTML Element Requires Lang Attribute","0","0,00%","137",""
"HTML Lang & XML Lang Value Should Match","0","0,00%","137",""
"Lang Attribute Requires Valid Value","0","0,00%","137",""
"Delayed Meta Refresh Must Not Be Used","0","0,00%","137",""
"Timed Meta Refresh Must Not Exist","0","0,00%","137",""
"Image Button Requires Alternate Text","0","0,00%","137",""
"Images Require Alternate Text","0","0,00%","137",""
"<object> Elements Require Alternate Text","0","0,00%","137",""
"Active <area> Elements Require Alternate Text","0","0,00%","137",""
"Alt Text Should Not Be Repeated As Text","0","0,00%","137",""
"Elements Marked role=img Require Alternate Text","0","0,00%","137",""
"SVG Images & Graphics Require Accessible Text","0","0,00%","137",""
"Server-Side Image Maps Must Not Be Used","0","0,00%","137",""
"<video> Elements Require <track> For Captions","0","0,00%","137",""
"<video> or <audio> Elements Must Not Auto-play","0","0,00%","137",""
"Buttons Require Discernible Text","0","0,00%","137",""
"Input Buttons Require Discernible Text","0","0,00%","137",""
"Inline Text Spacing Must Be Adjustable","0","0,00%","137",""
"Links Must Be Distinguishable","0","0,00%","137",""
"Links Require Discernible Text","0","0,00%","137",""
"Links With Same Accessible Name","0","0,00%","137",""
"Select Element Requires Accessible Name","0","0,00%","137",""
"Summary Elements Require Discernible Text","0","0,00%","137",""
"Deprecated <marquee> Element Must Not Be Used","0","0,00%","137",""
"<blink> Elements Deprecated & Must Not Be Used","0","0,00%","137",""
"Text Requires Higher Color Contrast Ratio","0","0,00%","137",""
"Text Requires Higher Color Contrast to Background","0","0,00%","137",""
"Touch Targets Require Sufficient Size & Spacing","0","0,00%","137",""
"Interactive Controls Must Not Be Nested","0","0,00%","137",""
"List Items Must Be Contained In List Elements","0","0,00%","137",""
"Lists Must Only Contain <li> Content Elements","0","0,00%","137",""
"<dl> Must Only Have Ordered <dt> & <dd> Groups","0","0,00%","137",""
"<dt> & <dd> Elements Must Be Contained by <dl>","0","0,00%","137",""
"<th> Element Requires Associated Data Cells","0","0,00%","137",""
"Table Header Attr Must Refer To Cell In Same Table","0","0,00%","137",""
"Table Headers Require Discernible Text","0","0,00%","137",""
"Table With Identical Summary & Caption Text","0","0,00%","137",""
"Scope Attribute Should Be Used Correctly On Tables","0","0,00%","137",""
""
"Custom Search"
"All","145","100,00%","145","Internal HTML pages with 2xx response"
""
"Custom Extraction"
"All","137","100,00%","137","Internal HTML pages with 2xx response"
""
"Custom JavaScript"
"All","380","100,00%","380","Internal HTML pages with 2xx response"
""
"Analytics"
"All","186","100,00%","186","Internal URLs with associated Google Analytics data"
"Sessions Above 0","0","0,00%","186","Internal URLs with associated Google Analytics data"
"Bounce Rate Above 70%","0","0,00%","186","Internal URLs with associated Google Analytics data"
"No GA Data","0","0,00%","186","Internal URLs with associated Google Analytics data"
"Non-Indexable with GA Data","0","0,00%","186","Internal URLs with associated Google Analytics data"
"Orphan URLs","0","0,00%","186","Internal URLs with associated Google Analytics data"
""
"Search Console"
"All","186","100,00%","186","Internal URLs with associated Google Search Console data"
"Clicks Above 0","0","0,00%","186","Internal URLs with associated Google Search Console data"
"No Search Analytics Data","0","0,00%","186","Internal URLs with associated Google Search Console data"
"Non-Indexable with Search Analytics Data","0","0,00%","186","Internal URLs with associated Google Search Console data"
"Orphan URLs","0","0,00%","186","Internal URLs with associated Google Search Console data"
"URL is Not on Google","0","0,00%","186","Internal URLs with associated Google Search Console data"
"Indexable URL Not Indexed","0","0,00%","186","Internal URLs with associated Google Search Console data"
"URL is on Google But Has Issues","0","0,00%","186","Internal URLs with associated Google Search Console data"
"User-Declared Canonical Not Selected","0","0,00%","186","Internal URLs with associated Google Search Console data"
"Page is Not Mobile Friendly","0","0,00%","186","Internal URLs with associated Google Search Console data"
"AMP URL Invalid","0","0,00%","186","Internal URLs with associated Google Search Console data"
"Rich Result Invalid","0","0,00%","186","Internal URLs with associated Google Search Console data"
""
"Validation"
"All","421","100,00%","421","Internal URLs with 2xx response"
"Invalid HTML Elements in <head>","0","0,00%","421","Internal URLs with 2xx response"
"<body> Element Preceding <html>","0","0,00%","421","Internal URLs with 2xx response"
"<head> Not First In <html> Element","0","0,00%","421","Internal URLs with 2xx response"
"Missing <head> Tag","0","0,00%","421","Internal URLs with 2xx response"
"Multiple <head> Tags","0","0,00%","421","Internal URLs with 2xx response"
"Missing <body> Tag","0","0,00%","421","Internal URLs with 2xx response"
"Multiple <body> Tags","0","0,00%","421","Internal URLs with 2xx response"
"HTML Document Over 2MB","0","0,00%","421","Internal URLs with 2xx response"
"Resource Over 2MB","0","0,00%","421","Internal URLs with 2xx response"
"High Carbon Rating","0","0,00%","421","Internal URLs with 2xx response"
""
"Link Metrics"
"All","185","100,00%","185","Internal HTML/PDF pages"
""
"AI"
"All","380","100,00%","380","Internal HTML URLs with 2xx response"
""
""
"Depth (Clicks from Start URL)"
"0","0","0,00%","137","Internal HTML pages with 2xx response"
"1","1","0,73%","137","Internal HTML pages with 2xx response"
"2","20","14,60%","137","Internal HTML pages with 2xx response"
"3","57","41,61%","137","Internal HTML pages with 2xx response"
"4","58","42,34%","137","Internal HTML pages with 2xx response"
"5","1","0,73%","137","Internal HTML pages with 2xx response"
"6","0","0,00%","137","Internal HTML pages with 2xx response"
"7","0","0,00%","137","Internal HTML pages with 2xx response"
"8","0","0,00%","137","Internal HTML pages with 2xx response"
"9","0","0,00%","137","Internal HTML pages with 2xx response"
"10+","0","0,00%","137","Internal HTML pages with 2xx response"
""
"Inlinks (Top 20 URLs)"
"https://enorpa.com/ru/","133","97,08%","137","Internal HTML pages with 2xx response"
"https://enorpa.com/en/","133","97,08%","137","Internal HTML pages with 2xx response"
"https://enorpa.com/tr/","80","58,39%","137","Internal HTML pages with 2xx response"
"https://enorpa.com/tr/iletisim/","76","55,47%","137","Internal HTML pages with 2xx response"
"https://enorpa.com/tr/projeler/","76","55,47%","137","Internal HTML pages with 2xx response"
"https://enorpa.com/tr/urunler/","76","55,47%","137","Internal HTML pages with 2xx response"
"https://enorpa.com/tr/kondenser/","67","48,91%","137","Internal HTML pages with 2xx response"
"https://enorpa.com/tr/hakkimizda/","66","48,18%","137","Internal HTML pages with 2xx response"
"https://enorpa.com/tr/sicak-su-kazanlari/","65","47,45%","137","Internal HTML pages with 2xx response"
"https://enorpa.com/tr/referanslarimiz/","65","47,45%","137","Internal HTML pages with 2xx response"
"https://enorpa.com/tr/sicak-hava-kazanlari/","65","47,45%","137","Internal HTML pages with 2xx response"
"https://enorpa.com/tr/ekonomizer/","65","47,45%","137","Internal HTML pages with 2xx response"
"https://enorpa.com/tr/anahtar-teslim-sera-isitma-sistemi/","65","47,45%","137","Internal HTML pages with 2xx response"
"https://enorpa.com/tr/baca/","65","47,45%","137","Internal HTML pages with 2xx response"
"https://enorpa.com/tr/kizgin-su-kazanlari/","65","47,45%","137","Internal HTML pages with 2xx response"
"https://enorpa.com/tr/buhar-kazanlari/","65","47,45%","137","Internal HTML pages with 2xx response"
"https://enorpa.com/tr/kazan-kontrol-panosu/","65","47,45%","137","Internal HTML pages with 2xx response"
"https://enorpa.com/tr/kazan-otomasyon-sistemi/","65","47,45%","137","Internal HTML pages with 2xx response"
"https://enorpa.com/tr/brulorler/","65","47,45%","137","Internal HTML pages with 2xx response"
"https://enorpa.com/tr/yedek-parca/","65","47,45%","137","Internal HTML pages with 2xx response"
""
"Response Time (Seconds)","URLs","% of Total"
"1","343","81,47%"
"2","60","14,25%"
"3","14","3,33%"
"4","2","0,48%"
"5","2","0,48%"
