"ID","Slug","Title","Excerpt","Content","FeaturedImage","Date"
"9488","%d1%87%d1%82%d0%be-%d1%82%d0%b0%d0%ba%d0%be%d0%b5-%d0%ba%d0%be%d0%bd%d0%b4%d0%b5%d0%bd%d1%81%d0%b0%d1%82%d0%be%d1%80-%d0%bf%d1%80%d0%b8%d0%bd%d1%86%d0%b8%d0%bf-%d1%80%d0%b0%d0%b1%d0%be%d1%82%d1%8b","Что такое конденсатор? Принцип работы, эффективность и применение.","[vc_row type=&#8221;full_width_background&#8221; full_screen_row_position=&#8221;middle&#8221; column_margin=&#8221;90px&#8221; equal_height=&#8221;yes&#8221; content_placement=&#8221;middle&#8221; column_direction=&#8221;default&#8221; column_direction_tablet=&#8221;default&#8221; column_direction_phone=&#8221;default&#8221; bg_color=&#8221;#ffffff&#8221; scene_position=&#8221;center&#8221; constrain_group_1=&#8221;yes&#8221; top_padding_tablet=&#8221;8%&#8221; bottom_padding_tablet=&#8221;8%&#8221; text_color=&#8221;dark&#8221; text_align=&#8221;left&#8221; row_border_radius=&#8221;none&#8221; row_border_radius_applies=&#8221;bg&#8221; overflow=&#8221;visible&#8221; id=&#8221;home&#8221; overlay_strength=&#8221;0.5&#8243; gradient_direction=&#8221;top_to_bottom&#8221; shape_divider_position=&#8221;bottom&#8221; bg_image_animation=&#8221;none&#8221; shape_type=&#8221;straight_section&#8221;][vc_column column_padding=&#8221;padding-2-percent&#8221; column_padding_tablet=&#8221;no-extra-padding&#8221; column_padding_phone=&#8221;no-extra-padding&#8221; column_padding_position=&#8221;right&#8221; column_element_direction_desktop=&#8221;default&#8221;&#8230;
"," <article class=""text-token-text-primary w-full focus:outline-none scroll-mt-"" dir=""auto"" tabindex=""-1"" data-turn-id=""request-WEB:5397c922-2ace-4588-8138-9f9ebd71aa36-4"" data-testid=""conversation-turn-8"" data-scroll-anchor=""true"" data-turn=""assistant""> <div class=""text-base my-auto mx-auto pb-10 @: @: px-(--thread-content-margin)""> <div class="" @: @: mx-auto max-w-(--thread-content-max-width) flex-1 group/turn-messages focus-visible:outline-hidden relative flex w-full min-w-0 flex-col agent-turn","","2025-08-11T09:57:03"
"9482","what-is-a-condenser-how-it-works-efficiency-and-uses","What Is a Condenser? How It Works, Efficiency, and Uses","[vc_row type=&#8221;full_width_background&#8221; full_screen_row_position=&#8221;middle&#8221; column_margin=&#8221;90px&#8221; equal_height=&#8221;yes&#8221; content_placement=&#8221;middle&#8221; column_direction=&#8221;default&#8221; column_direction_tablet=&#8221;default&#8221; column_direction_phone=&#8221;default&#8221; bg_color=&#8221;#ffffff&#8221; scene_position=&#8221;center&#8221; constrain_group_1=&#8221;yes&#8221; top_padding_tablet=&#8221;8%&#8221; bottom_padding_tablet=&#8221;8%&#8221; text_color=&#8221;dark&#8221; text_align=&#8221;left&#8221; row_border_radius=&#8221;none&#8221; row_border_radius_applies=&#8221;bg&#8221; overflow=&#8221;visible&#8221; id=&#8221;home&#8221; overlay_strength=&#8221;0.5&#8243; gradient_direction=&#8221;top_to_bottom&#8221; shape_divider_position=&#8221;bottom&#8221; bg_image_animation=&#8221;none&#8221; shape_type=&#8221;straight_section&#8221;][vc_column column_padding=&#8221;padding-2-percent&#8221; column_padding_tablet=&#8221;no-extra-padding&#8221; column_padding_phone=&#8221;no-extra-padding&#8221; column_padding_position=&#8221;right&#8221; column_element_direction_desktop=&#8221;default&#8221;&#8230;
"," <article class=""text-token-text-primary w-full focus:outline-none scroll-mt-"" dir=""auto"" tabindex=""-1"" data-turn-id=""request-WEB:5397c922-2ace-4588-8138-9f9ebd71aa36-4"" data-testid=""conversation-turn-8"" data-scroll-anchor=""true"" data-turn=""assistant""> <div class=""text-base my-auto mx-auto pb-10 @: @: px-(--thread-content-margin)""> <div class="" @: @: mx-auto max-w-(--thread-content-max-width) flex-1 group/turn-messages focus-visible:outline-hidden relative flex w-full min-w-0 flex-col agent-turn","","2025-08-11T08:48:33"
"9474","kondenser-nedir-calisma-prensibi-verim-ve-uygulamalar-2","Kondenser Nedir? Çalışma Prensibi, Verim ve Uygulamalar","[vc_row type=&#8221;full_width_background&#8221; full_screen_row_position=&#8221;middle&#8221; column_margin=&#8221;90px&#8221; equal_height=&#8221;yes&#8221; content_placement=&#8221;middle&#8221; column_direction=&#8221;default&#8221; column_direction_tablet=&#8221;default&#8221; column_direction_phone=&#8221;default&#8221; bg_color=&#8221;#ffffff&#8221; scene_position=&#8221;center&#8221; constrain_group_1=&#8221;yes&#8221; top_padding_tablet=&#8221;8%&#8221; bottom_padding_tablet=&#8221;8%&#8221; text_color=&#8221;dark&#8221; text_align=&#8221;left&#8221; row_border_radius=&#8221;none&#8221; row_border_radius_applies=&#8221;bg&#8221; overflow=&#8221;visible&#8221; id=&#8221;home&#8221; overlay_strength=&#8221;0.5&#8243; gradient_direction=&#8221;top_to_bottom&#8221; shape_divider_position=&#8221;bottom&#8221; bg_image_animation=&#8221;none&#8221; shape_type=&#8221;straight_section&#8221;][vc_column column_padding=&#8221;padding-2-percent&#8221; column_padding_tablet=&#8221;no-extra-padding&#8221; column_padding_phone=&#8221;no-extra-padding&#8221; column_padding_position=&#8221;right&#8221; column_element_direction_desktop=&#8221;default&#8221;&#8230;
"," <h1>Endüstriyel Tesislerde Enerji Verimliliğinin Anahtarı: Enorpa Kondenser Teknolojisi</h1> <h1 style=""text-align: left;""><span style=""vertical-align: inherit;""><span style=""vertical-align: inherit;""><span style=""color: #000000;""><a style=""color: #000000; text-decoration: underline;"" href=""https://en.wikipedia.org/wiki/Condenser_(heat_transfer)"">Kondenser Nedir</a> </span></span></span>ve Nasıl Çalışır?</h1> <h1 style=""text-align: left;""><span style=""vertical-align: inherit;""><span style=""vert","","2025-08-11T08:16:03"
"9200","%d1%81%d0%b5%d1%80%d0%b8%d1%8f-has-%d0%ba%d0%be%d1%82%d0%bb%d1%8b-%d0%b3%d0%be%d1%80%d1%8f%d1%87%d0%b5%d0%b3%d0%be-%d0%b2%d0%be%d0%b7%d0%b4%d1%83%d1%85%d0%b0","СЕРИЯ HAS – Котлы горячего воздуха","СЕРИЯ HAS – Котлы горячего воздуха Проектирование котлов горячего воздуха серии Has от Enorpa основано на оптимальной тепловой конструкции и минимальных выбросах угарного газа, вредных для окружающей среды. На основе&#8230;
","<p data-start=""0"" data-end=""34"">СЕРИЯ HAS – Котлы горячего воздуха</p> <p data-start=""36"" data-end=""207"">Проектирование котлов горячего воздуха серии Has от Enorpa основано на оптимальной тепловой конструкции и минимальных выбросах угарного газа, вредных для окружающей среды.</p> <p data-start=""209"" data-end=""394"">На основе соответствующих значений воздушного потока проводятся полные тепловые и аэродинамические расчёты, обеспечивающие полностью нагретый и равномерно распределённый горячий воздух","","2025-06-26T14:23:21"
"9197","has-series-hot-air-boilers","HAS SERIES Hot Air Boilers","HAS SERIES Hot Air Boilers The design of Enorpa&#8217;s Has Series hot air boilers is based on optimal thermal construction and minimal carbon monoxide emissions that harm the environment. Complete&#8230;
","<h2 data-start=""150"" data-end=""185""><strong data-start=""153"" data-end=""183"">HAS SERIES Hot Air Boilers</strong></h2> <p data-start=""187"" data-end=""342"">The design of Enorpa&#8217;s Has Series hot air boilers is based on optimal thermal construction and minimal carbon monoxide emissions that harm the environment.</p> <p data-start=""344"" data-end=""499"">Complete thermal and aerodynamic calculations are performed based on relevant air flow values, ensuring fully heated and homogeneously distributed ","","2025-06-26T14:12:19"
"9191","has-serisi-sicak-hava-kazanlari","HAS SERİSİ Sıcak Hava Kazanları","HAS SERİSİ Sıcak Hava Kazanları Enorpa Has serisi sıcak hava kazanı tasarımları yapılırken; optimum ısıl konstrüksiyon ve çevreye en az zarar veren karbonmonoksit salınımları göz önünde bulundurularak yapılır. İlgili hava&#8230;
","<h2 data-start=""196"" data-end=""230"">HAS SERİSİ Sıcak Hava Kazanları</h2> <p data-start=""232"" data-end=""409"">Enorpa Has serisi sıcak hava kazanı tasarımları yapılırken; optimum ısıl konstrüksiyon ve çevreye en az zarar veren karbonmonoksit salınımları göz önünde bulundurularak yapılır.</p> <p data-start=""411"" data-end=""576"">İlgili hava debisi değerlerine göre yapılması gereken mukavemet ve aerodinamik hesapları neticesinde tamamıyla ısıtılmış ve homojen bir sıcak hava dağılımı sağlanır.</p> <p da","","2025-06-26T13:41:37"
"8987","%d0%bf%d0%b0%d1%80%d0%be%d0%b2%d0%be%d0%b9-%d0%ba%d0%be%d1%82%d1%91%d0%bb-%d1%81%d0%b5%d1%80%d0%b8%d0%b8-%d1%82%d1%83%d1%80%d0%bc%d0%b0%d0%bb%d0%b8%d0%bd-%d0%bd%d0%be%d0%b2%d0%be%d0%b5-%d0%bb%d0%b8","Паровой котёл серии Turmalin: Новое лицо промышленного отопления","В производственных процессах пар является одним из самых важных источников энергии. Паровые котлы серии Turmalin от Enorpa разработаны для обеспечения безопасного и эффективного решения этой потребности, выделяясь высоким стандартом и&#8230;
","<p data-start=""166"" data-end=""430"">В производственных процессах пар является одним из самых важных источников энергии. Паровые котлы серии <strong data-start=""270"" data-end=""282"">Turmalin</strong> от Enorpa разработаны для обеспечения безопасного и эффективного решения этой потребности, выделяясь высоким стандартом и поддержкой автоматизации.</p> <p data-start=""432"" data-end=""823"">При проектировании котлов серии <strong data-start=""464"" data-end=""476"">Turmalin</strong> применяется экологически о","","2025-06-19T11:29:08"
"8984","turmalin-series-steam-boiler-the-new-face-of-industrial-heating","Turmalin Series Steam Boiler: The New Face of Industrial Heating","In industrial production processes, steam is one of the most critical energy sources. The Enorpa Turmalin Series Steam Boilers have been developed to provide a safe and efficient solution to&#8230;
","<p data-start=""264"" data-end=""537"">In industrial production processes, steam is one of the most critical energy sources. The Enorpa Turmalin Series Steam Boilers have been developed to provide a safe and efficient solution to this need, standing out with their high standards and automation-supported design.</p> <p data-start=""539"" data-end=""895"">The design of the Turmalin Series adopts an environmentally friendly approach that minimizes carbon monoxide emissions. Production processes are carried","","2025-06-19T11:26:18"
"8980","turmalin-serisi-buhar-kazani-endustriyel-isitmanin-yeni-yuzu","Turmalin Serisi Buhar Kazanı: Endüstriyel Isıtmanın Yeni Yüzü","Endüstriyel üretim süreçlerinde buhar, en kritik enerji kaynaklarından biridir. Bu ihtiyaca hem güvenli hem de verimli bir çözüm sunmak üzere geliştirilen Enorpa Turmalin Serisi Buhar Kazanları, yüksek standartları ve otomasyon&#8230;
","<p data-start=""311"" data-end=""574"">Endüstriyel üretim süreçlerinde buhar, en kritik enerji kaynaklarından biridir. Bu ihtiyaca hem güvenli hem de verimli bir çözüm sunmak üzere geliştirilen <strong data-start=""466"" data-end=""508"">Enorpa Turmalin Serisi Buhar Kazanları</strong>, yüksek standartları ve otomasyon destekli yapısıyla öne çıkıyor.</p> <p data-start=""576"" data-end=""912"">Turmalin Serisi’nin tasarımında, karbonmonoksit salınımını en aza indiren çevreci bir yaklaşım benimsenmiştir. Üretim","","2025-06-19T11:21:08"
"8959","enorpa-%d0%bd%d0%b0-%d0%b2%d1%8b%d1%81%d1%82%d0%b0%d0%b2%d0%ba%d0%b5-greentech-amsterdam-2025-2","Enorpa на выставке GreenTech Amsterdam 2025!","Революция в управлении объектами: Автоматизация котлов с поддержкой ИИ Готовы вывести эффективность и безопасность котлов — сердца вашего объекта — на новый уровень? В Enorpa мы представляем передовую систему автоматизации,&#8230;
","<h3 data-start=""70"" data-end=""148""><strong data-start=""74"" data-end=""148"">Революция в управлении объектами: Автоматизация котлов с поддержкой ИИ</strong></h3> <p data-start=""150"" data-end=""244"">Готовы вывести эффективность и безопасность котлов — сердца вашего объекта — на новый уровень?</p> <p data-start=""246"" data-end=""652"">В Enorpa мы представляем передовую систему автоматизации, поддерживаемую искусственным интеллектом и сетевыми технологиями, разработанную на основе глобальных наборов данны","","2025-06-11T15:01:39"
"8846","enorpa-at-greentech-amsterdam-2025-2","Enorpa at GreenTech Amsterdam 2025!","Revolution in Facility Management: AI-Supported Boiler Automation Are you ready to take the efficiency and safety of the boilers, the heart of your facility, to the next level? At Enorpa,&#8230;
","<h3 data-start=""106"" data-end=""181""><strong data-start=""110"" data-end=""179"">Revolution in Facility Management: AI-Supported Boiler Automation</strong></h3> <p data-start=""182"" data-end=""292"">Are you ready to take the efficiency and safety of the boilers, the heart of your facility, to the next level?</p> <p data-start=""294"" data-end=""667"">At Enorpa, we present our advanced automation system supported by artificial intelligence and network technology, developed using global data sets obtained fro","","2025-06-08T20:32:23"
"8833","enorpa-at-greentech-amsterdam-2025","Enorpa, GreenTech Amsterdam 2025&#8217;te!","Tesis Yönetiminde Devrim: Yapay Zeka Destekli Kazan Otomasyonu Tesisinizin kalbi olan kazanların verimliliğini ve güvenliğini bir üst seviyeye taşımaya hazır mısınız? Enorpa olarak, dünyanın dört bir yanında yıllar içinde kurduğumuz&#8230;
"," <h3 data-start=""170"" data-end=""240""><strong data-start=""174"" data-end=""240"">Tesis Yönetiminde Devrim: Yapay Zeka Destekli Kazan Otomasyonu</strong></h3> <p data-start=""242"" data-end=""345"">Tesisinizin kalbi olan kazanların verimliliğini ve güvenliğini bir üst seviyeye taşımaya hazır mısınız?</p> <p data-start=""347"" data-end=""706"">Enorpa olarak, dünyanın dört bir yanında yıllar içinde kurduğumuz kazan dairelerinden elde ettiğimiz küresel veri setlerini kullanarak geliştirdiğimiz, yapay zeka ve ne","","2025-06-08T19:52:45"
"8805","domat-expo-antalya-march-7-9-2019-2","Domat Expo, Antalya (March 7-9, 2019)","[vc_row type=&#8221;in_container&#8221; full_screen_row_position=&#8221;middle&#8221; column_margin=&#8221;default&#8221; column_direction=&#8221;default&#8221; column_direction_tablet=&#8221;default&#8221; column_direction_phone=&#8221;default&#8221; scene_position=&#8221;center&#8221; text_color=&#8221;dark&#8221; text_align=&#8221;left&#8221; row_border_radius=&#8221;none&#8221; row_border_radius_applies=&#8221;bg&#8221; overflow=&#8221;visible&#8221; overlay_strength=&#8221;0.3&#8243; gradient_direction=&#8221;left_to_right&#8221; shape_divider_position=&#8221;bottom&#8221; bg_image_animation=&#8221;none&#8221;][vc_column column_padding=&#8221;no-extra-padding&#8221; column_padding_tablet=&#8221;inherit&#8221; column_padding_phone=&#8221;inherit&#8221; column_padding_position=&#8221;all&#8221; column_element_direction_desktop=&#8221;default&#8221; column_element_spacing=&#8221;default&#8221; desktop_text_alignment=&#8221;default&#8221; tablet_text_alignment=&#8221;default&#8221; phone_text_alignment=&#8221;default&#8221; background_color_opacity=&#8221;1&#8243; background_hover_color_opacity=&#8221;1&#8243; column_backdrop_filter=&#8221;none&#8221; column_shadow=&#8221;none&#8221;&#8230;
","<p><iframe title=""YouTube video player"" data-src=""https://www.youtube.com/embed/kwn18dzAGyY?si=1c0pe6qe4iKPT2nt"" width=""560"" height=""315"" frameborder=""0"" allowfullscreen=""allowfullscreen"" src=""data:image/gif;base64,R0lGODlhAQABAAAAACH5BAEKAAEALAAAAAABAAEAAAICTAEAOw=="" class=""lazyload"" data-load-mode=""1""></iframe>We participated in Antalya Domat Expo Fair and presented our Professional Heating Systems to our producers. We answered the questions that came as a result of the interest of our produce","","2025-05-26T11:59:54"
"8580","%f0%9f%9a%80-enorpa-aquaflame-2025-fuarinda-moskova-4-7-subat","🚀 Enorpa Aquaflame 2025 Fuarı&#8217;nda – Moskova, 4-7 Şubat","Sektörün En Büyük Isıtma Teknolojileri Fuarındayız! Değerli Müşterilerimiz, Enorpa olarak, 4-7 Şubat 2025 tarihlerinde Moskova’da gerçekleşecek Aquaflame 2025 Fuarı&#8217;na katılacağımızı duyurmaktan büyük heyecan duyuyoruz! 📍 Yer: Crocus Expo, Pavilion 3&#8230;
"," <div class=""wp-block-group is-layout-constrained wp-block-group-is-layout-constrained""> <h4 class=""wp-block-heading""><strong>Sektörün En Büyük Isıtma Teknolojileri Fuarındayız!</strong></h4> </div> <h3 class=""wp-block-heading""><strong>Değerli Müşterilerimiz,</strong></h3> <p>Enorpa olarak, <strong>4-7 Şubat 2025</strong> tarihlerinde <strong>Moskova’da</strong> gerçekleşecek <strong>Aquaflame 2025 Fuarı&#8217;na</strong> katılacağımızı duyurmaktan büyük heyecan duyuyoruz!</p> <p>📍 <strong>Yer:","","2025-01-29T14:00:23"
"8239","agroworld-2020-taskent-ozbekistan-11-12-13-mart-2020","Agroworld 2020, Tashkent/ Uzbekistan (March 11-12-13, 2020)","Lorem ipsum dolor sit amet, consectetur adipiscing elit. Morbi vitae dui et nunc ornare vulputate non fringilla massa. 
","<p><strong>Enorpa Attracted Attention with Agricultural Heating Solutions at Agroworld Fair!</strong></p> <p>We participated in the Agroworld Fair in Tashkent, the capital of Uzbekistan. With the pride of representing our country in Tashkent, we introduced our professional systems to Uzbekistan producers.Enorpa, one of the industry leaders, dazzled with its agricultural heating solutions at the Agroworld Fair held in Tashkent, the capital of Uzbekistan. Enorpa attracted great interest among the ","","2024-08-20T15:46:41"
"8236","growtech-2023-antalya","Growtech 2023, Antalya","[vc_row type=&#8221;in_container&#8221; full_screen_row_position=&#8221;middle&#8221; column_margin=&#8221;default&#8221; column_direction=&#8221;default&#8221; column_direction_tablet=&#8221;default&#8221; column_direction_phone=&#8221;default&#8221; scene_position=&#8221;center&#8221; top_padding=&#8221;30&#8243; text_color=&#8221;dark&#8221; text_align=&#8221;left&#8221; row_border_radius=&#8221;none&#8221; row_border_radius_applies=&#8221;bg&#8221; overflow=&#8221;visible&#8221; overlay_strength=&#8221;0.3&#8243; gradient_direction=&#8221;left_to_right&#8221; shape_divider_position=&#8221;bottom&#8221; bg_image_animation=&#8221;none&#8221;][vc_column column_padding=&#8221;no-extra-padding&#8221; column_padding_tablet=&#8221;inherit&#8221; column_padding_phone=&#8221;inherit&#8221; column_padding_position=&#8221;all&#8221; column_element_direction_desktop=&#8221;default&#8221; column_element_spacing=&#8221;default&#8221; desktop_text_alignment=&#8221;default&#8221; tablet_text_alignment=&#8221;default&#8221; phone_text_alignment=&#8221;default&#8221; background_color_opacity=&#8221;1&#8243; background_hover_color_opacity=&#8221;1&#8243; column_backdrop_filter=&#8221;none&#8221;&#8230;
","<p>We participated in the Growtech 2023 Antalya fair and brought our professional heating systems together with our producers. We met with the intense interest of our producers and answered the questions about our systems.At the Growtech 2023 Fair held in November last year, Enorpa, one of the industry leaders, dazzled with its innovative heating solutions. Enorpa once again proved its presence in the sector with industrial heating equipment such as heating boilers, steam boilers, fuel oil tanks","","2024-08-20T15:43:24"
"8232","greenhouses-almaty-kazakhstan-april-20-22-2022","GreenHouses, Almaty/Kazakhstan (April 20-22, 2022)","[vc_row type=&#8221;in_container&#8221; full_screen_row_position=&#8221;middle&#8221; column_margin=&#8221;default&#8221; column_direction=&#8221;default&#8221; column_direction_tablet=&#8221;default&#8221; column_direction_phone=&#8221;default&#8221; scene_position=&#8221;center&#8221; text_color=&#8221;dark&#8221; text_align=&#8221;left&#8221; row_border_radius=&#8221;none&#8221; row_border_radius_applies=&#8221;bg&#8221; overflow=&#8221;visible&#8221; overlay_strength=&#8221;0.3&#8243; gradient_direction=&#8221;left_to_right&#8221; shape_divider_position=&#8221;bottom&#8221; bg_image_animation=&#8221;none&#8221;][vc_column column_padding=&#8221;no-extra-padding&#8221; column_padding_tablet=&#8221;inherit&#8221; column_padding_phone=&#8221;inherit&#8221; column_padding_position=&#8221;all&#8221; column_element_direction_desktop=&#8221;default&#8221; column_element_spacing=&#8221;default&#8221; desktop_text_alignment=&#8221;default&#8221; tablet_text_alignment=&#8221;default&#8221; phone_text_alignment=&#8221;default&#8221; background_color_opacity=&#8221;1&#8243; background_hover_color_opacity=&#8221;1&#8243; column_backdrop_filter=&#8221;none&#8221; column_shadow=&#8221;none&#8221;&#8230;
","<p></p> <h4>We participated in the GreenHouses fair in Almaty, Kazakhstan. We introduced Enorpa&#8217;s professional heating systems to Kazakh producers and answered their questions.</h4> <p></p> ","","2024-08-20T15:40:50"
"8228","domat-expo-antalya-march-7-9-2019","Domat Expo, Antalya (March 7-9, 2019)","[vc_row type=&#8221;in_container&#8221; full_screen_row_position=&#8221;middle&#8221; column_margin=&#8221;default&#8221; column_direction=&#8221;default&#8221; column_direction_tablet=&#8221;default&#8221; column_direction_phone=&#8221;default&#8221; scene_position=&#8221;center&#8221; text_color=&#8221;dark&#8221; text_align=&#8221;left&#8221; row_border_radius=&#8221;none&#8221; row_border_radius_applies=&#8221;bg&#8221; overflow=&#8221;visible&#8221; overlay_strength=&#8221;0.3&#8243; gradient_direction=&#8221;left_to_right&#8221; shape_divider_position=&#8221;bottom&#8221; bg_image_animation=&#8221;none&#8221;][vc_column column_padding=&#8221;no-extra-padding&#8221; column_padding_tablet=&#8221;inherit&#8221; column_padding_phone=&#8221;inherit&#8221; column_padding_position=&#8221;all&#8221; column_element_direction_desktop=&#8221;default&#8221; column_element_spacing=&#8221;default&#8221; desktop_text_alignment=&#8221;default&#8221; tablet_text_alignment=&#8221;default&#8221; phone_text_alignment=&#8221;default&#8221; background_color_opacity=&#8221;1&#8243; background_hover_color_opacity=&#8221;1&#8243; column_backdrop_filter=&#8221;none&#8221; column_shadow=&#8221;none&#8221;&#8230;
","<p><iframe title=""YouTube video player"" data-src=""https://www.youtube.com/embed/kwn18dzAGyY?si=1c0pe6qe4iKPT2nt"" width=""560"" height=""315"" frameborder=""0"" allowfullscreen=""allowfullscreen"" src=""data:image/gif;base64,R0lGODlhAQABAAAAACH5BAEKAAEALAAAAAABAAEAAAICTAEAOw=="" class=""lazyload"" data-load-mode=""1""></iframe>We participated in Antalya Domat Expo Fair and presented our Professional Heating Systems to our producers. We answered the questions that came as a result of the interest of our produce","","2024-08-20T15:38:53"
"8224","why-enorpa-energy-boilers-are-preferred","Why Enorpa Energy Boilers are Preferred?","[vc_row type=&#8221;in_container&#8221; full_screen_row_position=&#8221;middle&#8221; column_margin=&#8221;default&#8221; column_direction=&#8221;default&#8221; column_direction_tablet=&#8221;default&#8221; column_direction_phone=&#8221;default&#8221; scene_position=&#8221;center&#8221; text_color=&#8221;dark&#8221; text_align=&#8221;left&#8221; row_border_radius=&#8221;none&#8221; row_border_radius_applies=&#8221;bg&#8221; overflow=&#8221;visible&#8221; overlay_strength=&#8221;0.3&#8243; gradient_direction=&#8221;left_to_right&#8221; shape_divider_position=&#8221;bottom&#8221; bg_image_animation=&#8221;none&#8221;][vc_column column_padding=&#8221;no-extra-padding&#8221; column_padding_tablet=&#8221;inherit&#8221; column_padding_phone=&#8221;inherit&#8221; column_padding_position=&#8221;all&#8221; column_element_direction_desktop=&#8221;default&#8221; column_element_spacing=&#8221;default&#8221; desktop_text_alignment=&#8221;default&#8221; tablet_text_alignment=&#8221;default&#8221; phone_text_alignment=&#8221;default&#8221; background_color_opacity=&#8221;1&#8243; background_hover_color_opacity=&#8221;1&#8243; column_backdrop_filter=&#8221;none&#8221; column_shadow=&#8221;none&#8221;&#8230;
","<p></p> <p dir=""ltr""><strong>Design and Engineering: Customized Solutions for Your Heating Needs</strong></p> <p dir=""ltr"">At Enorpa, our production process starts with design and engineering. Our team of experts creates customized solutions based on the heating requirements of your business. We recognize the responsibilities associated with high-pressure equipment, which is why all our work is independently audited by Tuv Nord to ensure safe and efficient operation. Our design and engineering p","","2024-08-20T15:19:46"
"6631","neden-enorpa","Neden Enorpa Enerji Kazanları Tercih Ediliyor?","[vc_row type=&#8221;in_container&#8221; full_screen_row_position=&#8221;middle&#8221; column_margin=&#8221;default&#8221; column_direction=&#8221;default&#8221; column_direction_tablet=&#8221;default&#8221; column_direction_phone=&#8221;default&#8221; scene_position=&#8221;center&#8221; text_color=&#8221;dark&#8221; text_align=&#8221;left&#8221; row_border_radius=&#8221;none&#8221; row_border_radius_applies=&#8221;bg&#8221; overflow=&#8221;visible&#8221; overlay_strength=&#8221;0.3&#8243; gradient_direction=&#8221;left_to_right&#8221; shape_divider_position=&#8221;bottom&#8221; bg_image_animation=&#8221;none&#8221;][vc_column column_padding=&#8221;no-extra-padding&#8221; column_padding_tablet=&#8221;inherit&#8221; column_padding_phone=&#8221;inherit&#8221; column_padding_position=&#8221;all&#8221; column_element_direction_desktop=&#8221;default&#8221; column_element_spacing=&#8221;default&#8221; desktop_text_alignment=&#8221;default&#8221; tablet_text_alignment=&#8221;default&#8221; phone_text_alignment=&#8221;default&#8221; background_color_opacity=&#8221;1&#8243; background_hover_color_opacity=&#8221;1&#8243; column_backdrop_filter=&#8221;none&#8221; column_shadow=&#8221;none&#8221;&#8230;
","<p></p> <p dir=""ltr""><strong>Tasarım ve Mühendislik: Isıtma İhtiyaçlarınıza Özel Çözümler</strong></p> <p dir=""ltr"">Enorpa&#8217;da üretim sürecimiz tasarım ve mühendislikle başlar. Uzmanlardan oluşan ekibimiz, işletmenizin ısıtma gereksinimlerine göre özelleştirilmiş çözümler oluşturur. Yüksek basınçlı ekipmanlarla ilgili sorumlulukların bilincindeyiz, bu nedenle tüm çalışmalarımız güvenli ve verimli işletmeyi sağlamak için Tuv Nord tarafından bağımsız denetmenlik kapsamında denetlenmektedir. T","","2024-04-04T01:55:22"
"222","domat-expo-antalya-2019","Domat Expo, Antalya (7-9 Mart 2019)","[vc_row type=&#8221;in_container&#8221; full_screen_row_position=&#8221;middle&#8221; column_margin=&#8221;default&#8221; column_direction=&#8221;default&#8221; column_direction_tablet=&#8221;default&#8221; column_direction_phone=&#8221;default&#8221; scene_position=&#8221;center&#8221; text_color=&#8221;dark&#8221; text_align=&#8221;left&#8221; row_border_radius=&#8221;none&#8221; row_border_radius_applies=&#8221;bg&#8221; overflow=&#8221;visible&#8221; overlay_strength=&#8221;0.3&#8243; gradient_direction=&#8221;left_to_right&#8221; shape_divider_position=&#8221;bottom&#8221; bg_image_animation=&#8221;none&#8221;][vc_column column_padding=&#8221;no-extra-padding&#8221; column_padding_tablet=&#8221;inherit&#8221; column_padding_phone=&#8221;inherit&#8221; column_padding_position=&#8221;all&#8221; column_element_direction_desktop=&#8221;default&#8221; column_element_spacing=&#8221;default&#8221; desktop_text_alignment=&#8221;default&#8221; tablet_text_alignment=&#8221;default&#8221; phone_text_alignment=&#8221;default&#8221; background_color_opacity=&#8221;1&#8243; background_hover_color_opacity=&#8221;1&#8243; column_backdrop_filter=&#8221;none&#8221; column_shadow=&#8221;none&#8221;&#8230;
","<p><iframe title=""YouTube video player"" data-src=""https://www.youtube.com/embed/kwn18dzAGyY?si=1c0pe6qe4iKPT2nt"" width=""560"" height=""315"" frameborder=""0"" allowfullscreen=""allowfullscreen"" src=""data:image/gif;base64,R0lGODlhAQABAAAAACH5BAEKAAEALAAAAAABAAEAAAICTAEAOw=="" class=""lazyload"" data-load-mode=""1""></iframe>Antalya Domat Expo Fuarına katılarak Profesyonel Isıtma Sistemlerimizi üreticilerimizin beğenisine sunduk. İncelemeleri ve sistemlerimizi tanıtmamız sonucundan üreticilerimiz ilgisi sonu","","2024-03-23T17:20:09"
"6009","greenhouse-almati-kazakistan","GreenHouses, Almatı/Kazakistan (20-22 Nisan 2022)","[vc_row type=&#8221;in_container&#8221; full_screen_row_position=&#8221;middle&#8221; column_margin=&#8221;default&#8221; column_direction=&#8221;default&#8221; column_direction_tablet=&#8221;default&#8221; column_direction_phone=&#8221;default&#8221; scene_position=&#8221;center&#8221; text_color=&#8221;dark&#8221; text_align=&#8221;left&#8221; row_border_radius=&#8221;none&#8221; row_border_radius_applies=&#8221;bg&#8221; overflow=&#8221;visible&#8221; overlay_strength=&#8221;0.3&#8243; gradient_direction=&#8221;left_to_right&#8221; shape_divider_position=&#8221;bottom&#8221; bg_image_animation=&#8221;none&#8221;][vc_column column_padding=&#8221;no-extra-padding&#8221; column_padding_tablet=&#8221;inherit&#8221; column_padding_phone=&#8221;inherit&#8221; column_padding_position=&#8221;all&#8221; column_element_direction_desktop=&#8221;default&#8221; column_element_spacing=&#8221;default&#8221; desktop_text_alignment=&#8221;default&#8221; tablet_text_alignment=&#8221;default&#8221; phone_text_alignment=&#8221;default&#8221; background_color_opacity=&#8221;1&#8243; background_hover_color_opacity=&#8221;1&#8243; column_backdrop_filter=&#8221;none&#8221; column_shadow=&#8221;none&#8221;&#8230;
","<p></p> <h4>Kazakistan&#8217;ın Almatı şehrinde gerçekleşen GreenHouses fuarına katıldık. Kazakistanlı üreticilere Enorpa&#8217;nın profesyonek ısıtma sistemlerini tanıtarak onlardan gelen soruları cevaplandırdık.</h4> <p></p> ","","2019-09-17T17:40:09"
"220","growtech-antalya-23","Growtech 2023, Antalya","[vc_row type=&#8221;in_container&#8221; full_screen_row_position=&#8221;middle&#8221; column_margin=&#8221;default&#8221; column_direction=&#8221;default&#8221; column_direction_tablet=&#8221;default&#8221; column_direction_phone=&#8221;default&#8221; scene_position=&#8221;center&#8221; top_padding=&#8221;30&#8243; text_color=&#8221;dark&#8221; text_align=&#8221;left&#8221; row_border_radius=&#8221;none&#8221; row_border_radius_applies=&#8221;bg&#8221; overflow=&#8221;visible&#8221; overlay_strength=&#8221;0.3&#8243; gradient_direction=&#8221;left_to_right&#8221; shape_divider_position=&#8221;bottom&#8221; bg_image_animation=&#8221;none&#8221;][vc_column column_padding=&#8221;no-extra-padding&#8221; column_padding_tablet=&#8221;inherit&#8221; column_padding_phone=&#8221;inherit&#8221; column_padding_position=&#8221;all&#8221; column_element_direction_desktop=&#8221;default&#8221; column_element_spacing=&#8221;default&#8221; desktop_text_alignment=&#8221;default&#8221; tablet_text_alignment=&#8221;default&#8221; phone_text_alignment=&#8221;default&#8221; background_color_opacity=&#8221;1&#8243; background_hover_color_opacity=&#8221;1&#8243; column_backdrop_filter=&#8221;none&#8221;&#8230;
","<p>Growtech 2023 Antalya fuarına katılarak profesyonel ısıtma sistemlerimizi üreticilerimizle buluşturduk. Üreticilerimizin yoğun ilgisiyle karşılaştık ve sistemlerimiz hakkında merak edilenleri, gelen soruları cevaplandırdık.Geçtiğimiz yılın Kasım ayında düzenlenen Growtech 2023 Fuarı&#8217;nda, endüstri liderlerinden Enorpa, yenilikçi ısıtma çözümleriyle göz kamaştırdı. Enorpa, ısıtma kazanları, buhar kazanları, akaryakıt tankları ve sıcak hava kazanları gibi endüstriyel ısıtma ekipmanlarıyla ","","2019-07-15T16:40:53"
"219","agroworld-ozbekistan","Agroworld 2020, Taşkent/Özbekistan (11-12-13 Mart 2020)","Lorem ipsum dolor sit amet, consectetur adipiscing elit. Morbi vitae dui et nunc ornare vulputate non fringilla massa. 
","<p><strong>Enorpa, Agroworld Fuarı&#8217;nda Tarımsal Isıtma Çözümleriyle Dikkat Çekti!</strong></p> <p>Özbekistan&#8217;ın başkenti Taşkent&#8217;te gerçekleşen Agroworld Fuarına katıldık. Ülkemizi Taşkent&#8217;te temsil etmenin gururuyla profesyonel sistemlerimizi Özbekistan&#8217;lı üreticilerle tanıştırdık.Özbekistan&#8217;ın başkenti Taşkent&#8217;te gerçekleştirilen Agroworld Fuarı&#8217;nda, endüstri liderlerinden Enorpa, tarımsal ısıtma çözümleriyle göz kamaştırdı. Enorpa, ısıtma kazanl","","2019-04-21T16:19:14"
